{
    "name": "root",
    "gauges": {
        "BoxingAgent.Policy.Entropy.mean": {
            "value": 3.006319522857666,
            "min": 2.9265968799591064,
            "max": 3.363598585128784,
            "count": 17
        },
        "BoxingAgent.Policy.Entropy.sum": {
            "value": 28030.923828125,
            "min": 23563.390625,
            "max": 49286.6328125,
            "count": 17
        },
        "BoxingAgent.Environment.EpisodeLength.mean": {
            "value": 333.0,
            "min": 333.0,
            "max": 599.0,
            "count": 17
        },
        "BoxingAgent.Environment.EpisodeLength.sum": {
            "value": 9657.0,
            "min": 6151.0,
            "max": 15202.0,
            "count": 17
        },
        "BoxingAgent.Custom.WinRate%.mean": {
            "value": 20.742635628272748,
            "min": 0.0,
            "max": 20.742635628272748,
            "count": 17
        },
        "BoxingAgent.Custom.WinRate%.sum": {
            "value": 1203.0728664398193,
            "min": 0.0,
            "max": 1203.0728664398193,
            "count": 17
        },
        "BoxingAgent.Custom.DrawRate%.mean": {
            "value": 58.022117614746094,
            "min": 58.022117614746094,
            "max": 100.0,
            "count": 17
        },
        "BoxingAgent.Custom.DrawRate%.sum": {
            "value": 3365.2828216552734,
            "min": 2085.7142944335938,
            "max": 4758.888854980469,
            "count": 17
        },
        "BoxingAgent.Custom.HitRate%.mean": {
            "value": 0.7492520603640326,
            "min": 0.12341278590835057,
            "max": 0.7492520603640326,
            "count": 17
        },
        "BoxingAgent.Custom.HitRate%.sum": {
            "value": 43.45661950111389,
            "min": 3.6551910154521465,
            "max": 43.45661950111389,
            "count": 17
        },
        "BoxingAgent.Custom.SuccessfulDefense%.mean": {
            "value": 2.6746959686279297,
            "min": 2.6746959686279297,
            "max": 5.432329495747884,
            "count": 17
        },
        "BoxingAgent.Custom.SuccessfulDefense%.sum": {
            "value": 155.13236618041992,
            "min": 90.09294748306274,
            "max": 260.75181579589844,
            "count": 17
        },
        "BoxingAgent.Custom.EpisodeHitRate%.mean": {
            "value": 4.558253234830396,
            "min": 0.10390346497297287,
            "max": 4.850156542929736,
            "count": 17
        },
        "BoxingAgent.Custom.EpisodeHitRate%.sum": {
            "value": 264.37868762016296,
            "min": 4.987366318702698,
            "max": 264.37868762016296,
            "count": 17
        },
        "BoxingAgent.Custom.EpisodeDefenseRate%.mean": {
            "value": 1.6343384981155396,
            "min": 1.5941858928311954,
            "max": 5.496539463599523,
            "count": 17
        },
        "BoxingAgent.Custom.EpisodeDefenseRate%.sum": {
            "value": 94.7916328907013,
            "min": 70.1441792845726,
            "max": 263.8338942527771,
            "count": 17
        },
        "BoxingAgent.Custom.TotalDamageDealt.mean": {
            "value": 806.3793103448276,
            "min": 33.333333333333336,
            "max": 806.3793103448276,
            "count": 17
        },
        "BoxingAgent.Custom.TotalDamageDealt.sum": {
            "value": 46770.0,
            "min": 810.0,
            "max": 46770.0,
            "count": 17
        },
        "BoxingAgent.Custom.TotalDamageTaken.mean": {
            "value": 819.4827586206897,
            "min": 33.333333333333336,
            "max": 819.4827586206897,
            "count": 17
        },
        "BoxingAgent.Custom.TotalDamageTaken.sum": {
            "value": 47530.0,
            "min": 810.0,
            "max": 47530.0,
            "count": 17
        },
        "BoxingAgent.Custom.EpisodeLength.mean": {
            "value": 33.401264618183006,
            "min": 33.401264618183006,
            "max": 60.001182556152344,
            "count": 17
        },
        "BoxingAgent.Custom.EpisodeLength.sum": {
            "value": 1937.2733478546143,
            "min": 1232.4636306762695,
            "max": 3047.939842224121,
            "count": 17
        },
        "BoxingAgent.Custom.EpisodeAttacks.mean": {
            "value": 142.9655172413793,
            "min": 142.9655172413793,
            "max": 1102.625,
            "count": 17
        },
        "BoxingAgent.Custom.EpisodeAttacks.sum": {
            "value": 8292.0,
            "min": 8292.0,
            "max": 52926.0,
            "count": 17
        },
        "BoxingAgent.Custom.EpisodeHits.mean": {
            "value": 5.0344827586206895,
            "min": 1.125,
            "max": 5.0344827586206895,
            "count": 17
        },
        "BoxingAgent.Custom.EpisodeHits.sum": {
            "value": 292.0,
            "min": 38.0,
            "max": 292.0,
            "count": 17
        },
        "BoxingAgent.Self-play.ELO.mean": {
            "value": 1163.2974036282685,
            "min": 1163.2974036282685,
            "max": 1198.6719615616526,
            "count": 17
        },
        "BoxingAgent.Self-play.ELO.sum": {
            "value": 17449.461054424028,
            "min": 7076.672209810713,
            "max": 17449.461054424028,
            "count": 17
        },
        "BoxingAgent.Step.mean": {
            "value": 84934.0,
            "min": 4632.0,
            "max": 84934.0,
            "count": 17
        },
        "BoxingAgent.Step.sum": {
            "value": 84934.0,
            "min": 4632.0,
            "max": 84934.0,
            "count": 17
        },
        "BoxingAgent.Policy.ExtrinsicValueEstimate.mean": {
            "value": -11.227461814880371,
            "min": -15.741272926330566,
            "max": 0.14697937667369843,
            "count": 17
        },
        "BoxingAgent.Policy.ExtrinsicValueEstimate.sum": {
            "value": -168.41192626953125,
            "min": -173.1540069580078,
            "max": 1.3228143453598022,
            "count": 17
        },
        "BoxingAgent.Environment.CumulativeReward.mean": {
            "value": -7.561669158935547,
            "min": -296.24336412217883,
            "max": -6.2295495813543145,
            "count": 17
        },
        "BoxingAgent.Environment.CumulativeReward.sum": {
            "value": -113.4250373840332,
            "min": -2666.1902770996094,
            "max": -68.52504539489746,
            "count": 17
        },
        "BoxingAgent.Policy.ExtrinsicReward.mean": {
            "value": -7.561669158935547,
            "min": -296.24336412217883,
            "max": -6.2295495813543145,
            "count": 17
        },
        "BoxingAgent.Policy.ExtrinsicReward.sum": {
            "value": -113.4250373840332,
            "min": -2666.1902770996094,
            "max": -68.52504539489746,
            "count": 17
        },
        "BoxingAgent.IsTraining.mean": {
            "value": 1.0,
            "min": 1.0,
            "max": 1.0,
            "count": 17
        },
        "BoxingAgent.IsTraining.sum": {
            "value": 1.0,
            "min": 1.0,
            "max": 1.0,
            "count": 17
        },
        "BoxingAgent.Losses.PolicyLoss.mean": {
            "value": 0.025163117346043387,
            "min": 0.020976209035143255,
            "max": 0.026527193817310037,
            "count": 7
        },
        "BoxingAgent.Losses.PolicyLoss.sum": {
            "value": 0.025163117346043387,
            "min": 0.020976209035143255,
            "max": 0.026527193817310037,
            "count": 7
        },
        "BoxingAgent.Losses.ValueLoss.mean": {
            "value": 8.247669172286987,
            "min": 8.247669172286987,
            "max": 52.8453976949056,
            "count": 7
        },