{
    "name": "root",
    "gauges": {
        "BoxingAgent.Policy.Entropy.mean": {
            "value": 3.337073564529419,
            "min": 3.337073564529419,
            "max": 3.364971876144409,
            "count": 15
        },
        "BoxingAgent.Policy.Entropy.sum": {
            "value": 29032.541015625,
            "min": 26191.009765625,
            "max": 48438.6171875,
            "count": 15
        },
        "BoxingAgent.Environment.EpisodeLength.mean": {
            "value": 521.6666666666666,
            "min": 411.1818181818182,
            "max": 552.7647058823529,
            "count": 15
        },
        "BoxingAgent.Environment.EpisodeLength.sum": {
            "value": 9390.0,
            "min": 6493.0,
            "max": 13675.0,
            "count": 15
        },
        "BoxingAgent.Custom.WinRate%.mean": {
            "value": 19.160091400146484,
            "min": 12.828459306196732,
            "max": 19.160091400146484,
            "count": 15
        },
        "BoxingAgent.Custom.WinRate%.sum": {
            "value": 689.7632904052734,
            "min": 449.99999237060547,
            "max": 933.3333282470703,
            "count": 15
        },
        "BoxingAgent.Custom.DrawRate%.mean": {
            "value": 61.679815928141274,
            "min": 61.679815928141274,
            "max": 74.34308104081587,
            "count": 15
        },
        "BoxingAgent.Custom.DrawRate%.sum": {
            "value": 2220.473373413086,
            "min": 1750.0,
            "max": 3333.3333282470703,
            "count": 15
        },
        "BoxingAgent.Custom.HitRate%.mean": {
            "value": 0.3256882097986009,
            "min": 0.21976880424401976,
            "max": 0.7632472507942182,
            "count": 15
        },
        "BoxingAgent.Custom.HitRate%.sum": {
            "value": 11.724775552749634,
            "min": 7.9165555983781815,
            "max": 39.68885704129934,
            "count": 15
        },
        "BoxingAgent.Custom.SuccessfulDefense%.mean": {
            "value": 4.738112926483154,
            "min": 4.738112926483154,
            "max": 5.296655324789194,
            "count": 15
        },
        "BoxingAgent.Custom.SuccessfulDefense%.sum": {
            "value": 170.57206535339355,
            "min": 137.71303844451904,
            "max": 270.3891820907593,
            "count": 15
        },
        "BoxingAgent.Custom.EpisodeHitRate%.mean": {
            "value": 0.5532409081028568,
            "min": 0.23074866217725418,
            "max": 3.3200070975969234,
            "count": 15
        },
        "BoxingAgent.Custom.EpisodeHitRate%.sum": {
            "value": 19.916672691702843,
            "min": 7.845454514026642,
            "max": 159.36034068465233,
            "count": 15
        },
        "BoxingAgent.Custom.EpisodeDefenseRate%.mean": {
            "value": 4.22305080625746,
            "min": 4.22305080625746,
            "max": 5.498823496011587,
            "count": 15
        },
        "BoxingAgent.Custom.EpisodeDefenseRate%.sum": {
            "value": 152.02982902526855,
            "min": 142.96941089630127,
            "max": 269.7406225204468,
            "count": 15
        },
        "BoxingAgent.Custom.TotalDamageDealt.mean": {
            "value": 880.5555555555555,
            "min": 54.03846153846154,
            "max": 880.5555555555555,
            "count": 15
        },
        "BoxingAgent.Custom.TotalDamageDealt.sum": {
            "value": 31700.0,
            "min": 2810.0,
            "max": 37220.0,
            "count": 15
        },
        "BoxingAgent.Custom.TotalDamageTaken.mean": {
            "value": 880.5555555555555,
            "min": 54.03846153846154,
            "max": 880.5555555555555,
            "count": 15
        },
        "BoxingAgent.Custom.TotalDamageTaken.sum": {
            "value": 31700.0,
            "min": 2660.0,
            "max": 37220.0,
            "count": 15
        },
        "BoxingAgent.Custom.EpisodeLength.mean": {
            "value": 52.281005859375,
            "min": 41.21713050928983,
            "max": 55.3881357978372,
            "count": 15
        },
        "BoxingAgent.Custom.EpisodeLength.sum": {
            "value": 1882.1162109375,
            "min": 1301.2248229980469,
            "max": 2740.0527954101562,
            "count": 15
        },
        "BoxingAgent.Custom.EpisodeAttacks.mean": {
            "value": 806.0,
            "min": 630.8181818181819,
            "max": 1042.1538461538462,
            "count": 15
        },
        "BoxingAgent.Custom.EpisodeAttacks.sum": {
            "value": 29016.0,
            "min": 26596.0,
            "max": 54192.0,
            "count": 15
        },
        "BoxingAgent.Custom.EpisodeHits.mean": {
            "value": 3.7777777777777777,
            "min": 1.85,
            "max": 3.7777777777777777,
            "count": 15
        },
        "BoxingAgent.Custom.EpisodeHits.sum": {
            "value": 136.0,
            "min": 68.0,
            "max": 170.0,
            "count": 15
        },
        "BoxingAgent.Self-play.ELO.mean": {
            "value": 1180.470423049058,
            "min": 1180.470423049058,
            "max": 1197.9811185975593,
            "count": 15
        },
        "BoxingAgent.Self-play.ELO.sum": {
            "value": 10624.233807441522,
            "min": 8368.939343785873,
            "max": 15573.754541768272,
            "count": 15
        },
        "BoxingAgent.Step.mean": {
            "value": 74820.0,
            "min": 4451.0,
            "max": 74820.0,
            "count": 15
        },
        "BoxingAgent.Step.sum": {
            "value": 74820.0,
            "min": 4451.0,
            "max": 74820.0,
            "count": 15
        },
        "BoxingAgent.Policy.ExtrinsicValueEstimate.mean": {
            "value": -11.40451431274414,
            "min": -11.40451431274414,
            "max": 0.015436152927577496,
            "count": 15
        },
        "BoxingAgent.Policy.ExtrinsicValueEstimate.sum": {
            "value": -102.64063262939453,
            "min": -128.46287536621094,
            "max": 0.1543615311384201,
            "count": 15
        },
        "BoxingAgent.Environment.CumulativeReward.mean": {
            "value": -86.58568233913846,
            "min": -134.3954620361328,
            "max": -45.679264863332115,
            "count": 15
        },
        "BoxingAgent.Environment.CumulativeReward.sum": {
            "value": -779.2711410522461,
            "min": -1304.0601959228516,
            "max": -548.1511783599854,
            "count": 15
        },
        "BoxingAgent.Policy.ExtrinsicReward.mean": {
            "value": -86.58568233913846,
            "min": -134.3954620361328,
            "max": -45.679264863332115,
            "count": 15
        },
        "BoxingAgent.Policy.ExtrinsicReward.sum": {
            "value": -779.2711410522461,
            "min": -1304.0601959228516,
            "max": -548.1511783599854,
            "count": 15
        },
        "BoxingAgent.IsTraining.mean": {
            "value": 1.0,
            "min": 1.0,
            "max": 1.0,
            "count": 15
        },
        "BoxingAgent.IsTraining.sum": {
            "value": 1.0,
            "min": 1.0,
            "max": 1.0,
            "count": 15
        },
        "BoxingAgent.Losses.PolicyLoss.mean": {
            "value": 0.016331590060144664,
            "min": 0.011454393648697684,
            "max": 0.022817325840393702,
            "count": 7
        },
        "BoxingAgent.Losses.PolicyLoss.sum": {
            "value": 0.016331590060144664,
            "min": 0.011454393648697684,
            "max": 0.022817325840393702,
            "count": 7
        },
        "BoxingAgent.Losses.ValueLoss.mean": {
            "value": 34.744723637898765,
            "min": 12.375559012095133,
            "max": 36.56168607076009,
            "count": 7
        },