{
    "name": "root",
    "gauges": {
        "BoxingAgent.Policy.Entropy.mean": {
            "value": 3.361478567123413,
            "min": 3.361478567123413,
            "max": 3.36457896232605,
            "count": 6
        },
        "BoxingAgent.Policy.Entropy.sum": {
            "value": 38764.5703125,
            "min": 27973.611328125,
            "max": 47712.796875,
            "count": 6
        },
        "BoxingAgent.Environment.EpisodeLength.mean": {
            "value": 593.2105263157895,
            "min": 490.8095238095238,
            "max": 593.2105263157895,
            "count": 6
        },
        "BoxingAgent.Environment.EpisodeLength.sum": {
            "value": 11271.0,
            "min": 9580.0,
            "max": 11271.0,
            "count": 6
        },
        "BoxingAgent.Custom.WinRate%.mean": {
            "value": 12.159755154659873,
            "min": 10.714285350981212,
            "max": 29.41176470588235,
            "count": 6
        },
        "BoxingAgent.Custom.WinRate%.sum": {
            "value": 462.0706958770752,
            "min": 449.99998474121094,
            "max": 1000.0,
            "count": 6
        },
        "BoxingAgent.Custom.LossRate%.mean": {
            "value": 15.386762016697935,
            "min": 13.095237731933594,
            "max": 26.470588235294116,
            "count": 6
        },
        "BoxingAgent.Custom.LossRate%.sum": {
            "value": 584.6969566345215,
            "min": 548.0158710479736,
            "max": 900.0,
            "count": 6
        },
        "BoxingAgent.Custom.DrawRate%.mean": {
            "value": 72.45348197535465,
            "min": 44.11764705882353,
            "max": 76.19047546386719,
            "count": 6
        },
        "BoxingAgent.Custom.DrawRate%.sum": {
            "value": 2753.2323150634766,
            "min": 1500.0,
            "max": 3199.999969482422,
            "count": 6
        },
        "BoxingAgent.Custom.HitRate%.mean": {
            "value": 0.1955081380315517,
            "min": 0.15427800658203306,
            "max": 0.2174627158571692,
            "count": 6
        },
        "BoxingAgent.Custom.HitRate%.sum": {
            "value": 7.429309245198965,
            "min": 6.479676276445389,
            "max": 8.362415760755539,
            "count": 6
        },
        "BoxingAgent.Custom.SuccessfulDefense%.mean": {
            "value": 0.0,
            "min": 0.0,
            "max": 0.0,
            "count": 6
        },
        "BoxingAgent.Custom.SuccessfulDefense%.sum": {
            "value": 0.0,
            "min": 0.0,
            "max": 0.0,
            "count": 6
        },
        "BoxingAgent.Custom.EpisodeAttacks.mean": {
            "value": 1565.4736842105262,
            "min": 1365.4,
            "max": 1602.3529411764705,
            "count": 6
        },
        "BoxingAgent.Custom.EpisodeAttacks.sum": {
            "value": 59488.0,
            "min": 51652.0,
            "max": 59488.0,
            "count": 6
        },
        "BoxingAgent.Custom.EpisodeHits.mean": {
            "value": 3.3684210526315788,
            "min": 2.1176470588235294,
            "max": 3.55,
            "count": 6
        },
        "BoxingAgent.Custom.EpisodeHits.sum": {
            "value": 128.0,
            "min": 72.0,
            "max": 142.0,
            "count": 6
        },
        "BoxingAgent.Custom.EpisodeHitRate%.mean": {
            "value": 0.21459493393960752,
            "min": 0.13604053723461487,
            "max": 0.5666329853591465,
            "count": 6
        },
        "BoxingAgent.Custom.EpisodeHitRate%.sum": {
            "value": 8.154607489705086,
            "min": 4.625378265976906,
            "max": 23.798585385084152,
            "count": 6
        },
        "BoxingAgent.Custom.EpisodeDefenseRate%.mean": {
            "value": 0.0,
            "min": 0.0,
            "max": 0.0,
            "count": 6
        },
        "BoxingAgent.Custom.EpisodeDefenseRate%.sum": {
            "value": 0.0,
            "min": 0.0,
            "max": 0.0,
            "count": 6
        },
        "BoxingAgent.Custom.TotalDamageDealt.mean": {
            "value": 449.4736842105263,
            "min": 77.6470588235294,
            "max": 449.4736842105263,
            "count": 6
        },
        "BoxingAgent.Custom.TotalDamageDealt.sum": {
            "value": 17080.0,
            "min": 2640.0,
            "max": 17080.0,
            "count": 6
        },
        "BoxingAgent.Custom.TotalDamageTaken.mean": {
            "value": 472.10526315789474,
            "min": 72.3529411764706,
            "max": 472.10526315789474,
            "count": 6
        },
        "BoxingAgent.Custom.TotalDamageTaken.sum": {
            "value": 17940.0,
            "min": 2460.0,
            "max": 17940.0,
            "count": 6
        },
        "BoxingAgent.Custom.EpisodeLength.mean": {
            "value": 59.417877197265625,
            "min": 49.17998232160296,
            "max": 59.417877197265625,
            "count": 6
        },
        "BoxingAgent.Custom.EpisodeLength.sum": {
            "value": 2257.8793334960938,
            "min": 1919.3193359375,
            "max": 2257.8793334960938,
            "count": 6
        },
        "BoxingAgent.Self-play.ELO.mean": {
            "value": 1193.6031987437575,
            "min": 1193.6031987437575,
            "max": 1199.387641672415,
            "count": 6
        },
        "BoxingAgent.Self-play.ELO.sum": {
            "value": 10742.428788693818,
            "min": 9569.619756160504,
            "max": 11975.086916611066,
            "count": 6
        },
        "BoxingAgent.Step.mean": {
            "value": 29955.0,
            "min": 4549.0,
            "max": 29955.0,
            "count": 6
        },
        "BoxingAgent.Step.sum": {
            "value": 29955.0,
            "min": 4549.0,
            "max": 29955.0,
            "count": 6
        },
        "BoxingAgent.Policy.ExtrinsicValueEstimate.mean": {
            "value": -4.640137672424316,
            "min": -4.640137672424316,
            "max": 0.20521986484527588,
            "count": 6
        },
        "BoxingAgent.Policy.ExtrinsicValueEstimate.sum": {
            "value": -41.76123809814453,
            "min": -41.76123809814453,
            "max": 2.052198648452759,
            "count": 6
        },
        "BoxingAgent.Environment.CumulativeReward.mean": {
            "value": -221.05958387586804,
            "min": -227.99977493286133,
            "max": -169.3471221923828,
            "count": 6
        },
        "BoxingAgent.Environment.CumulativeReward.sum": {
            "value": -1989.5362548828125,
            "min": -2227.413284301758,
            "max": -1693.4712219238281,
            "count": 6
        },
        "BoxingAgent.Policy.ExtrinsicReward.mean": {
            "value": -221.05958387586804,
            "min": -227.99977493286133,
            "max": -169.3471221923828,
            "count": 6
        },
        "BoxingAgent.Policy.ExtrinsicReward.sum": {
            "value": -1989.5362548828125,
            "min": -2227.413284301758,
            "max": -1693.4712219238281,
            "count": 6
        },
        "BoxingAgent.IsTraining.mean": {
            "value": 1.0,
            "min": 1.0,
            "max": 1.0,
            "count": 6
        },
        "BoxingAgent.IsTraining.sum": {
            "value": 1.0,
            "min": 1.0,
            "max": 1.0,
            "count": 6
        },
        "BoxingAgent.Losses.PolicyLoss.mean": {
            "value": 0.016365379032989343,
            "min": 0.015017199035113057,
            "max": 0.016365379032989343,
            "count": 2
        },
        "BoxingAgent.Losses.PolicyLoss.sum": {
            "value": 0.016365379032989343,
            "min": 0.015017199035113057,
            "max": 0.016365379032989343,
            "count": 2
        },