{
    "name": "root",
    "gauges": {
        "BoxingAgent.Policy.Entropy.mean": {
            "value": 3.2168571949005127,
            "min": 3.194456100463867,
            "max": 3.3644819259643555,
            "count": 100
        },
        "BoxingAgent.Policy.Entropy.sum": {
            "value": 30830.359375,
            "min": 25336.70703125,
            "max": 64557.7265625,
            "count": 100
        },
        "BoxingAgent.Environment.EpisodeLength.mean": {
            "value": 310.1212121212121,
            "min": 286.29411764705884,
            "max": 599.0,
            "count": 100
        },
        "BoxingAgent.Environment.EpisodeLength.sum": {
            "value": 10234.0,
            "min": 6219.0,
            "max": 19168.0,
            "count": 100
        },
        "BoxingAgent.Custom.EpisodeLength.mean": {
            "value": 31.110218279289477,
            "min": 28.72517260383157,
            "max": 60.001182556152344,
            "count": 100
        },
        "BoxingAgent.Custom.EpisodeLength.sum": {
            "value": 2053.2744064331055,
            "min": 1246.5039520263672,
            "max": 3840.07568359375,
            "count": 100
        },
        "BoxingAgent.Custom.EpisodeHits.mean": {
            "value": 11.545454545454545,
            "min": 0.875,
            "max": 13.793103448275861,
            "count": 100
        },
        "BoxingAgent.Custom.EpisodeHits.sum": {
            "value": 762.0,
            "min": 28.0,
            "max": 862.0,
            "count": 100
        },
        "BoxingAgent.Custom.EpisodeAttacks.mean": {
            "value": 24.939393939393938,
            "min": 22.157894736842106,
            "max": 77.25,
            "count": 100
        },
        "BoxingAgent.Custom.EpisodeAttacks.sum": {
            "value": 1646.0,
            "min": 1286.0,
            "max": 4730.0,
            "count": 100
        },
        "BoxingAgent.Custom.EpisodeMissedAttacks.mean": {
            "value": 2.090909090909091,
            "min": 0.0,
            "max": 2.625,
            "count": 100
        },
        "BoxingAgent.Custom.EpisodeMissedAttacks.sum": {
            "value": 138.0,
            "min": 0.0,
            "max": 150.0,
            "count": 100
        },
        "BoxingAgent.Custom.EpisodeHitRate%.mean": {
            "value": 43.55474564523408,
            "min": 1.1719194576144218,
            "max": 54.27086789984452,
            "count": 100
        },
        "BoxingAgent.Custom.EpisodeHitRate%.sum": {
            "value": 2874.613212585449,
            "min": 37.5014226436615,
            "max": 4124.585960388184,
            "count": 100
        },
        "BoxingAgent.Custom.EpisodeDefenseRate%.mean": {
            "value": 8.523180600368615,
            "min": 0.0,
            "max": 10.320177992184957,
            "count": 100
        },
        "BoxingAgent.Custom.EpisodeDefenseRate%.sum": {
            "value": 562.5299196243286,
            "min": 0.0,
            "max": 646.7658457756042,
            "count": 100
        },
        "BoxingAgent.Custom.WinRate%.mean": {
            "value": 30.96515065973455,
            "min": 0.0,
            "max": 36.33730964660644,
            "count": 100
        },
        "BoxingAgent.Custom.WinRate%.sum": {
            "value": 2043.6999435424805,
            "min": 0.0,
            "max": 2543.611675262451,
            "count": 100
        },
        "BoxingAgent.Custom.LossRate%.mean": {
            "value": 57.31436174566095,
            "min": 0.0,
            "max": 59.19914385477702,
            "count": 100
        },
        "BoxingAgent.Custom.LossRate%.sum": {
            "value": 3782.747875213623,
            "min": 0.0,
            "max": 4261.270580291748,
            "count": 100
        },
        "BoxingAgent.Custom.DrawRate%.mean": {
            "value": 11.720487614472708,
            "min": 9.524283111095428,
            "max": 100.0,
            "count": 100
        },
        "BoxingAgent.Custom.DrawRate%.sum": {
            "value": 773.5521825551987,
            "min": 538.0317854881287,
            "max": 6400.0,
            "count": 100
        },
        "BoxingAgent.Custom.HitRate%.mean": {
            "value": 35.95334567445697,
            "min": 1.367568302899599,
            "max": 35.95334567445697,
            "count": 100
        },
        "BoxingAgent.Custom.HitRate%.sum": {
            "value": 2372.92081451416,
            "min": 57.48712915182114,
            "max": 2689.5549926757812,
            "count": 100
        },
        "BoxingAgent.Custom.MissRate%.mean": {
            "value": 5.5507097244262695,
            "min": 0.06264568865299225,
            "max": 5.552789633090679,
            "count": 100
        },
        "BoxingAgent.Custom.MissRate%.sum": {
            "value": 366.3468418121338,
            "min": 3.27218097448349,
            "max": 405.9442834854126,
            "count": 100
        },
        "BoxingAgent.Custom.DefenseRate%.mean": {
            "value": 7.331565177801884,
            "min": 0.11784974113106728,
            "max": 7.5270882203028755,
            "count": 100
        },
        "BoxingAgent.Custom.DefenseRate%.sum": {
            "value": 483.8833017349243,
            "min": 6.461315989494324,
            "max": 544.030158996582,
            "count": 100
        },
        "BoxingAgent.Custom.SuccessfulDefense%.mean": {
            "value": 7.331565177801884,
            "min": 0.11784974113106728,
            "max": 7.5270882203028755,
            "count": 100
        },
        "BoxingAgent.Custom.SuccessfulDefense%.sum": {
            "value": 483.8833017349243,
            "min": 6.461315989494324,
            "max": 544.030158996582,
            "count": 100
        },
        "BoxingAgent.Self-play.ELO.mean": {
            "value": 1043.0833602682742,
            "min": 1043.0833602682742,
            "max": 1195.810538533241,
            "count": 100
        },
        "BoxingAgent.Self-play.ELO.sum": {
            "value": 17732.41712456066,
            "min": 6772.035697924848,
            "max": 19893.64418606304,
            "count": 100
        },
        "BoxingAgent.Step.mean": {
            "value": 499767.0,
            "min": 4800.0,
            "max": 499767.0,
            "count": 100
        },
        "BoxingAgent.Step.sum": {
            "value": 499767.0,
            "min": 4800.0,
            "max": 499767.0,
            "count": 100
        },
        "BoxingAgent.Policy.ExtrinsicValueEstimate.mean": {
            "value": 14.235295295715332,
            "min": -1.110100507736206,
            "max": 18.19088363647461,
            "count": 100
        },
        "BoxingAgent.Policy.ExtrinsicValueEstimate.sum": {
            "value": 242.00001525878906,
            "min": -9.990904808044434,
            "max": 327.4359130859375,
            "count": 100
        },
        "BoxingAgent.Environment.CumulativeReward.mean": {
            "value": 30.294117647058822,
            "min": -22.666666666666668,
            "max": 124.20833333333333,
            "count": 100
        },
        "BoxingAgent.Environment.CumulativeReward.sum": {
            "value": 515.0,
            "min": -204.0,
            "max": 1664.5,
            "count": 100
        },
        "BoxingAgent.Policy.ExtrinsicReward.mean": {
            "value": 30.294117647058822,
            "min": -22.666666666666668,
            "max": 124.20833333333333,
            "count": 100
        },
        "BoxingAgent.Policy.ExtrinsicReward.sum": {
            "value": 515.0,
            "min": -204.0,
            "max": 1664.5,
            "count": 100
        },
        "BoxingAgent.IsTraining.mean": {
            "value": 1.0,
            "min": 1.0,
            "max": 1.0,
            "count": 100
        },
        "BoxingAgent.IsTraining.sum": {
            "value": 1.0,
            "min": 1.0,
            "max": 1.0,