{
    "name": "root",
    "gauges": {
        "BoxingAgent.Policy.Entropy.mean": {
            "value": 3.1445720195770264,
            "min": 2.9897189140319824,
            "max": 3.3640151023864746,
            "count": 18
        },
        "BoxingAgent.Policy.Entropy.sum": {
            "value": 26263.46484375,
            "min": 21525.9765625,
            "max": 48441.81640625,
            "count": 18
        },
        "BoxingAgent.Environment.EpisodeLength.mean": {
            "value": 599.0,
            "min": 557.0,
            "max": 599.0,
            "count": 18
        },
        "BoxingAgent.Environment.EpisodeLength.sum": {
            "value": 7787.0,
            "min": 6690.0,
            "max": 14376.0,
            "count": 18
        },
        "BoxingAgent.Custom.WinRate%.mean": {
            "value": 1.2071005747868464,
            "min": 0.0,
            "max": 1.4965986183711462,
            "count": 18
        },
        "BoxingAgent.Custom.WinRate%.sum": {
            "value": 31.384614944458008,
            "min": 0.0,
            "max": 50.09803867340088,
            "count": 18
        },
        "BoxingAgent.Custom.LossRate%.mean": {
            "value": 0.9112425950857309,
            "min": 0.0,
            "max": 1.4965986183711462,
            "count": 18
        },
        "BoxingAgent.Custom.LossRate%.sum": {
            "value": 23.692307472229004,
            "min": 0.0,
            "max": 50.09803867340088,
            "count": 18
        },
        "BoxingAgent.Custom.DrawRate%.mean": {
            "value": 97.88165694016676,
            "min": 97.00680215018136,
            "max": 100.0,
            "count": 18
        },
        "BoxingAgent.Custom.DrawRate%.sum": {
            "value": 2544.923080444336,
            "min": 2338.4615478515625,
            "max": 4800.0,
            "count": 18
        },
        "BoxingAgent.Custom.HitRate%.mean": {
            "value": 0.1260828530559173,
            "min": 0.07027922112805148,
            "max": 0.14519289880990982,
            "count": 18
        },
        "BoxingAgent.Custom.HitRate%.sum": {
            "value": 3.27815417945385,
            "min": 1.6867013070732355,
            "max": 6.969259142875671,
            "count": 18
        },
        "BoxingAgent.Custom.SuccessfulDefense%.mean": {
            "value": 3.3696811199188232,
            "min": 3.3528120517730713,
            "max": 5.212366064389546,
            "count": 18
        },
        "BoxingAgent.Custom.SuccessfulDefense%.sum": {
            "value": 87.6117091178894,
            "min": 80.46748924255371,
            "max": 250.19357109069824,
            "count": 18
        },
        "BoxingAgent.Custom.EpisodeAttacks.mean": {
            "value": 400.9230769230769,
            "min": 271.25,
            "max": 1201.5,
            "count": 18
        },
        "BoxingAgent.Custom.EpisodeAttacks.sum": {
            "value": 10424.0,
            "min": 6510.0,
            "max": 55910.0,
            "count": 18
        },
        "BoxingAgent.Custom.EpisodeHits.mean": {
            "value": 1.5384615384615385,
            "min": 0.0,
            "max": 1.9583333333333333,
            "count": 18
        },
        "BoxingAgent.Custom.EpisodeHits.sum": {
            "value": 40.0,
            "min": 0.0,
            "max": 94.0,
            "count": 18
        },
        "BoxingAgent.Custom.EpisodeHitRate%.mean": {
            "value": 0.46514203456731945,
            "min": 0.0,
            "max": 0.8494937680661678,
            "count": 18
        },
        "BoxingAgent.Custom.EpisodeHitRate%.sum": {
            "value": 12.093692898750305,
            "min": 0.0,
            "max": 40.775700867176056,
            "count": 18
        },
        "BoxingAgent.Custom.EpisodeDefenseRate%.mean": {
            "value": 2.5371920741521397,
            "min": 1.4023828556140263,
            "max": 5.260838627815247,
            "count": 18
        },
        "BoxingAgent.Custom.EpisodeDefenseRate%.sum": {
            "value": 65.96699392795563,
            "min": 33.65718853473663,
            "max": 252.52025413513184,
            "count": 18
        },
        "BoxingAgent.Custom.TotalDamageDealt.mean": {
            "value": 431.53846153846155,
            "min": 44.166666666666664,
            "max": 431.53846153846155,
            "count": 18
        },
        "BoxingAgent.Custom.TotalDamageDealt.sum": {
            "value": 11220.0,
            "min": 1470.0,
            "max": 18580.0,
            "count": 18
        },
        "BoxingAgent.Custom.TotalDamageTaken.mean": {
            "value": 451.9230769230769,
            "min": 44.166666666666664,
            "max": 451.9230769230769,
            "count": 18
        },
        "BoxingAgent.Custom.TotalDamageTaken.sum": {
            "value": 11750.0,
            "min": 1470.0,
            "max": 18580.0,
            "count": 18
        },
        "BoxingAgent.Custom.EpisodeLength.mean": {
            "value": 60.0,
            "min": 55.799163818359375,
            "max": 60.0,
            "count": 18
        },
        "BoxingAgent.Custom.EpisodeLength.sum": {
            "value": 1560.0,
            "min": 1340.199951171875,
            "max": 2880.0,
            "count": 18
        },
        "BoxingAgent.Self-play.ELO.mean": {
            "value": 1174.7878778140657,
            "min": 1174.7878778140657,
            "max": 1196.784049462662,
            "count": 18
        },
        "BoxingAgent.Self-play.ELO.sum": {
            "value": 8223.51514469846,
            "min": 7060.061015474294,
            "max": 14361.408593551945,
            "count": 18
        },
        "BoxingAgent.Step.mean": {
            "value": 89504.0,
            "min": 4800.0,
            "max": 89504.0,
            "count": 18
        },
        "BoxingAgent.Step.sum": {
            "value": 89504.0,
            "min": 4800.0,
            "max": 89504.0,
            "count": 18
        },
        "BoxingAgent.Policy.ExtrinsicValueEstimate.mean": {
            "value": -7.313002586364746,
            "min": -8.526472091674805,
            "max": 0.087534599006176,
            "count": 18
        },
        "BoxingAgent.Policy.ExtrinsicValueEstimate.sum": {
            "value": -58.50402069091797,
            "min": -79.95501708984375,
            "max": 0.700276792049408,
            "count": 18
        },
        "BoxingAgent.Environment.CumulativeReward.mean": {
            "value": -13.473622798919678,
            "min": -143.34876155853271,
            "max": -13.473622798919678,
            "count": 18
        },
        "BoxingAgent.Environment.CumulativeReward.sum": {
            "value": -107.78898239135742,
            "min": -1236.6850967407227,
            "max": -107.78898239135742,
            "count": 18
        },
        "BoxingAgent.Policy.ExtrinsicReward.mean": {
            "value": -13.473622798919678,
            "min": -143.34876155853271,
            "max": -13.473622798919678,
            "count": 18
        },
        "BoxingAgent.Policy.ExtrinsicReward.sum": {
            "value": -107.78898239135742,
            "min": -1236.6850967407227,
            "max": -107.78898239135742,
            "count": 18
        },
        "BoxingAgent.IsTraining.mean": {
            "value": 1.0,
            "min": 1.0,
            "max": 1.0,
            "count": 18
        },
        "BoxingAgent.IsTraining.sum": {
            "value": 1.0,
            "min": 1.0,
            "max": 1.0,
            "count": 18
        },
        "BoxingAgent.Losses.PolicyLoss.mean": {
            "value": 0.014207876675451795,
            "min": 0.010641717119142413,
            "max": 0.01965017362187306,
            "count": 8
        },
        "BoxingAgent.Losses.PolicyLoss.sum": {
            "value": 0.014207876675451795,
            "min": 0.010641717119142413,
            "max": 0.01965017362187306,
            "count": 8
        },