{
    "name": "root",
    "gauges": {
        "BoxingAgent.Policy.Entropy.mean": {
            "value": 3.3154830932617188,
            "min": 3.3154830932617188,
            "max": 3.3644752502441406,
            "count": 23
        },
        "BoxingAgent.Policy.Entropy.sum": {
            "value": 17863.822265625,
            "min": 9103.74609375,
            "max": 48488.4765625,
            "count": 23
        },
        "BoxingAgent.Step.mean": {
            "value": 119318.0,
            "min": 4000.0,
            "max": 119318.0,
            "count": 24
        },
        "BoxingAgent.Step.sum": {
            "value": 119318.0,
            "min": 4000.0,
            "max": 119318.0,
            "count": 24
        },
        "BoxingAgent.Policy.ExtrinsicValueEstimate.mean": {
            "value": 57.41886520385742,
            "min": -0.2352350503206253,
            "max": 57.41886520385742,
            "count": 24
        },
        "BoxingAgent.Policy.ExtrinsicValueEstimate.sum": {
            "value": 344.51318359375,
            "min": -2.3523504734039307,
            "max": 514.1788330078125,
            "count": 24
        },
        "BoxingAgent.IsTraining.mean": {
            "value": 1.0,
            "min": 1.0,
            "max": 1.0,
            "count": 24
        },
        "BoxingAgent.IsTraining.sum": {
            "value": 1.0,
            "min": 1.0,
            "max": 1.0,
            "count": 24
        },
        "BoxingAgent.Environment.EpisodeLength.mean": {
            "value": 1199.25,
            "min": 648.0,
            "max": 1200.0,
            "count": 22
        },
        "BoxingAgent.Environment.EpisodeLength.sum": {
            "value": 4797.0,
            "min": 1296.0,
            "max": 15826.0,
            "count": 22
        },
        "BoxingAgent.Custom.WinRate%.mean": {
            "value": 9.967319965362549,
            "min": 0.0,
            "max": 12.5,
            "count": 22
        },
        "BoxingAgent.Custom.WinRate%.sum": {
            "value": 79.73855972290039,
            "min": 0.0,
            "max": 209.0909080505371,
            "count": 22
        },
        "BoxingAgent.Custom.LossRate%.mean": {
            "value": 9.967319965362549,
            "min": 0.0,
            "max": 12.5,
            "count": 22
        },
        "BoxingAgent.Custom.LossRate%.sum": {
            "value": 79.73855972290039,
            "min": 0.0,
            "max": 209.0909080505371,
            "count": 22
        },
        "BoxingAgent.Custom.DrawRate%.mean": {
            "value": 80.06536102294922,
            "min": 75.0,
            "max": 100.0,
            "count": 22
        },
        "BoxingAgent.Custom.DrawRate%.sum": {
            "value": 640.5228881835938,
            "min": 300.0,
            "max": 2566.6666564941406,
            "count": 22
        },
        "BoxingAgent.Custom.HitRate%.mean": {
            "value": 0.08796802908182144,
            "min": 0.06124250233794252,
            "max": 0.1115630641579628,
            "count": 22
        },
        "BoxingAgent.Custom.HitRate%.sum": {
            "value": 0.7037442326545715,
            "min": 0.3997519165277481,
            "max": 2.2437526807188988,
            "count": 22
        },
        "BoxingAgent.Custom.MissRate%.mean": {
            "value": 97.1563491821289,
            "min": 96.72242228190105,
            "max": 97.1563491821289,
            "count": 22
        },
        "BoxingAgent.Custom.MissRate%.sum": {
            "value": 777.2507934570312,
            "min": 387.31468200683594,
            "max": 2718.2015228271484,
            "count": 22
        },
        "BoxingAgent.Custom.SuccessfulDefense%.mean": {
            "value": 5.510811686515808,
            "min": 5.197192827860515,
            "max": 5.765363693237305,
            "count": 22
        },
        "BoxingAgent.Custom.SuccessfulDefense%.sum": {
            "value": 44.086493492126465,
            "min": 22.624320030212402,
            "max": 155.7588596343994,
            "count": 22
        },
        "BoxingAgent.Custom.EpisodeAttacks.mean": {
            "value": 2704.25,
            "min": 1454.0,
            "max": 2773.8333333333335,
            "count": 22
        },
        "BoxingAgent.Custom.EpisodeAttacks.sum": {
            "value": 21634.0,
            "min": 5816.0,
            "max": 69608.0,
            "count": 22
        },
        "BoxingAgent.Custom.EpisodeHits.mean": {
            "value": 3.75,
            "min": 0.0,
            "max": 7.5,
            "count": 22
        },
        "BoxingAgent.Custom.EpisodeHits.sum": {
            "value": 30.0,
            "min": 0.0,
            "max": 78.0,
            "count": 22
        },
        "BoxingAgent.Custom.EpisodeMissedAttacks.mean": {
            "value": 2631.5,
            "min": 1409.0,
            "max": 2703.3333333333335,
            "count": 22
        },
        "BoxingAgent.Custom.EpisodeMissedAttacks.sum": {
            "value": 21052.0,
            "min": 5636.0,
            "max": 67740.0,
            "count": 22
        },
        "BoxingAgent.Custom.EpisodeHitRate%.mean": {
            "value": 0.1537109948694706,
            "min": 0.0,
            "max": 0.44968829303979874,
            "count": 22
        },
        "BoxingAgent.Custom.EpisodeHitRate%.sum": {
            "value": 1.2296879589557648,
            "min": 0.0,
            "max": 5.281992480158806,
            "count": 22
        },
        "BoxingAgent.Custom.EpisodeDefenseRate%.mean": {
            "value": 5.532070159912109,
            "min": 5.191923958914621,
            "max": 6.538694143295288,
            "count": 22
        },
        "BoxingAgent.Custom.EpisodeDefenseRate%.sum": {
            "value": 44.256561279296875,
            "min": 25.799893379211426,
            "max": 164.79233932495117,
            "count": 22
        },
        "BoxingAgent.Custom.TotalDamageDealt.mean": {
            "value": 686.25,
            "min": 26.25,
            "max": 686.25,
            "count": 22
        },
        "BoxingAgent.Custom.TotalDamageDealt.sum": {
            "value": 5490.0,
            "min": 630.0,
            "max": 13390.0,
            "count": 22
        },
        "BoxingAgent.Custom.TotalDamageTaken.mean": {
            "value": 686.25,
            "min": 26.25,
            "max": 686.25,
            "count": 22
        },
        "BoxingAgent.Custom.TotalDamageTaken.sum": {
            "value": 5490.0,
            "min": 630.0,
            "max": 13390.0,
            "count": 22
        },
        "BoxingAgent.Custom.EpisodeLength.mean": {
            "value": 120.01995849609375,
            "min": 64.8399658203125,
            "max": 120.02000732421875,
            "count": 22
        },
        "BoxingAgent.Custom.EpisodeLength.sum": {
            "value": 960.15966796875,
            "min": 259.35986328125,
            "max": 3168.359130859375,
            "count": 22
        },
        "BoxingAgent.Self-play.ELO.mean": {
            "value": 1182.6594936489719,
            "min": 1182.6594936489719,
            "max": 1200.0,
            "count": 22
        },
        "BoxingAgent.Self-play.ELO.sum": {
            "value": 2365.3189872979437,
            "min": 1195.5528488435666,
            "max": 8400.0,
            "count": 22
        },
        "BoxingAgent.Environment.CumulativeReward.mean": {
            "value": 1206.3629837036133,
            "min": 738.862060546875,
            "max": 1206.3629837036133,
            "count": 22
        },
        "BoxingAgent.Environment.CumulativeReward.sum": {
            "value": 2412.7259674072266,
            "min": 738.862060546875,
            "max": 7601.468887329102,
            "count": 22
        },
        "BoxingAgent.Policy.ExtrinsicReward.mean": {
            "value": 1206.3629837036133,
            "min": 738.862060546875,
            "max": 1206.3629837036133,
            "count": 22
        },