{
    "name": "root",
    "gauges": {
        "BoxingAgent.Policy.Entropy.mean": {
            "value": 3.362367630004883,
            "min": 3.3619885444641113,
            "max": 3.3631515502929688,
            "count": 8
        },
        "BoxingAgent.Policy.Entropy.sum": {
            "value": 32278.728515625,
            "min": 32275.08984375,
            "max": 64550.38671875,
            "count": 8
        },
        "BoxingAgent.Environment.EpisodeLength.mean": {
            "value": 599.0,
            "min": 599.0,
            "max": 599.0,
            "count": 8
        },
        "BoxingAgent.Environment.EpisodeLength.sum": {
            "value": 9584.0,
            "min": 9584.0,
            "max": 19168.0,
            "count": 8
        },
        "BoxingAgent.Custom.WinRate%.mean": {
            "value": 0.0,
            "min": 0.0,
            "max": 0.0,
            "count": 8
        },
        "BoxingAgent.Custom.WinRate%.sum": {
            "value": 0.0,
            "min": 0.0,
            "max": 0.0,
            "count": 8
        },
        "BoxingAgent.Custom.HitRate%.mean": {
            "value": 0.0,
            "min": 0.0,
            "max": 0.0,
            "count": 8
        },
        "BoxingAgent.Custom.HitRate%.sum": {
            "value": 0.0,
            "min": 0.0,
            "max": 0.0,
            "count": 8
        },
        "BoxingAgent.Custom.DefenseRate%.mean": {
            "value": 0.0,
            "min": 0.0,
            "max": 0.0,
            "count": 8
        },
        "BoxingAgent.Custom.DefenseRate%.sum": {
            "value": 0.0,
            "min": 0.0,
            "max": 0.0,
            "count": 8
        },
        "BoxingAgent.Custom.EpisodeLength.mean": {
            "value": 60.001182556152344,
            "min": 60.001182556152344,
            "max": 60.001182556152344,
            "count": 8
        },
        "BoxingAgent.Custom.EpisodeLength.sum": {
            "value": 1920.037841796875,
            "min": 1920.037841796875,
            "max": 3840.07568359375,
            "count": 8
        },
        "BoxingAgent.Self-play.ELO.mean": {
            "value": 1174.8743189484412,
            "min": 1174.8743189484412,
            "max": 1195.810538533241,
            "count": 8
        },
        "BoxingAgent.Self-play.ELO.sum": {
            "value": 9398.99455158753,
            "min": 9398.99455158753,
            "max": 19132.968616531856,
            "count": 8
        },
        "BoxingAgent.Step.mean": {
            "value": 39600.0,
            "min": 4800.0,
            "max": 39600.0,
            "count": 8
        },
        "BoxingAgent.Step.sum": {
            "value": 39600.0,
            "min": 4800.0,
            "max": 39600.0,
            "count": 8
        },
        "BoxingAgent.Policy.ExtrinsicValueEstimate.mean": {
            "value": -0.46681395173072815,
            "min": -0.6340159177780151,
            "max": -0.05829581618309021,
            "count": 8
        },
        "BoxingAgent.Policy.ExtrinsicValueEstimate.sum": {
            "value": -3.734511613845825,
            "min": -5.706143379211426,
            "max": -0.4663665294647217,
            "count": 8
        },
        "BoxingAgent.Environment.CumulativeReward.mean": {
            "value": -8.125,
            "min": -12.0,
            "max": -8.125,
            "count": 8
        },
        "BoxingAgent.Environment.CumulativeReward.sum": {
            "value": -65.0,
            "min": -108.0,
            "max": -65.0,
            "count": 8
        },
        "BoxingAgent.Policy.ExtrinsicReward.mean": {
            "value": -8.125,
            "min": -12.0,
            "max": -8.125,
            "count": 8
        },
        "BoxingAgent.Policy.ExtrinsicReward.sum": {
            "value": -65.0,
            "min": -108.0,
            "max": -65.0,
            "count": 8
        },
        "BoxingAgent.IsTraining.mean": {
            "value": 1.0,
            "min": 1.0,
            "max": 1.0,
            "count": 8
        },
        "BoxingAgent.IsTraining.sum": {
            "value": 1.0,
            "min": 1.0,
            "max": 1.0,
            "count": 8
        },
        "BoxingAgent.Losses.PolicyLoss.mean": {
            "value": 0.017043387240153692,
            "min": 0.017043387240153692,
            "max": 0.021113942565751217,
            "count": 2
        },
        "BoxingAgent.Losses.PolicyLoss.sum": {
            "value": 0.017043387240153692,
            "min": 0.017043387240153692,
            "max": 0.021113942565751217,
            "count": 2
        },
        "BoxingAgent.Losses.ValueLoss.mean": {
            "value": 0.5697040359179179,
            "min": 0.5697040359179179,
            "max": 0.6952181543622699,
            "count": 2
        },
        "BoxingAgent.Losses.ValueLoss.sum": {
            "value": 0.5697040359179179,
            "min": 0.5697040359179179,
            "max": 0.6952181543622699,
            "count": 2
        },
        "BoxingAgent.Policy.LearningRate.mean": {
            "value": 0.00028272000576000004,
            "min": 0.00028272000576000004,
            "max": 0.00029136000288,
            "count": 2
        },
        "BoxingAgent.Policy.LearningRate.sum": {
            "value": 0.00028272000576000004,
            "min": 0.00028272000576000004,
            "max": 0.00029136000288,
            "count": 2
        },
        "BoxingAgent.Policy.Epsilon.mean": {
            "value": 0.19424000000000005,
            "min": 0.19424000000000005,
            "max": 0.19712000000000002,
            "count": 2
        },
        "BoxingAgent.Policy.Epsilon.sum": {
            "value": 0.19424000000000005,
            "min": 0.19424000000000005,
            "max": 0.19712000000000002,
            "count": 2
        },
        "BoxingAgent.Policy.Beta.mean": {
            "value": 0.004712576,
            "min": 0.004712576,
            "max": 0.004856288,
            "count": 2
        },
        "BoxingAgent.Policy.Beta.sum": {
            "value": 0.004712576,
            "min": 0.004712576,
            "max": 0.004856288,
            "count": 2
        }
    },
    "metadata": {
        "timer_format_version": "0.1.0",
        "start_time_seconds": "1750862422",
        "python_version": "3.10.12 | packaged by Anaconda, Inc. | (main, Jul  5 2023, 19:01:18) [MSC v.1916 64 bit (AMD64)]",
        "command_line_arguments": "C:\\Users\\nazwi\\anaconda3\\envs\\venv\\Scripts\\mlagents-learn Assets\\trainer_config.yaml --run-id=NewTest5 --force",
        "mlagents_version": "1.1.0",
        "mlagents_envs_version": "1.1.0",
        "communication_protocol_version": "1.5.0",
        "pytorch_version": "2.2.2+cu121",
        "numpy_version": "1.23.5",
        "end_time_seconds": "1750862640"
    },
    "total": 218.02789920009673,
    "count": 1,
    "self": 0.011080000083893538,
    "children": {
        "run_training.setup": {
            "total": 0.17618820001371205,
            "count": 1,
            "self": 0.17618820001371205
        },
        "TrainerController.start_learning": {
            "total": 217.84063099999912,
            "count": 1,
            "self": 0.1503665833733976,
            "children": {
                "TrainerController._reset_env": {
                    "total": 10.467589799780399,
                    "count": 1,
                    "self": 10.467589799780399
                },
                "TrainerController.advance": {
                    "total": 206.9349710168317,
                    "count": 5671,
                    "self": 0.1543359225615859,
                    "children": {
                        "env_step": {
                            "total": 194.2919731894508,
                            "count": 5671,
                            "self": 175.0160186898429,