{
    "name": "root",
    "gauges": {
        "BoxingAgent.Policy.Entropy.mean": {
            "value": 3.265066623687744,
            "min": 3.265066623687744,
            "max": 3.363544225692749,
            "count": 13
        },
        "BoxingAgent.Policy.Entropy.sum": {
            "value": 29973.310546875,
            "min": 26740.458984375,
            "max": 47617.41015625,
            "count": 13
        },
        "BoxingAgent.Environment.EpisodeLength.mean": {
            "value": 453.8095238095238,
            "min": 420.5833333333333,
            "max": 550.3888888888889,
            "count": 13
        },
        "BoxingAgent.Environment.EpisodeLength.sum": {
            "value": 9530.0,
            "min": 7001.0,
            "max": 12702.0,
            "count": 13
        },
        "BoxingAgent.Custom.WinRate%.mean": {
            "value": 17.36564826965332,
            "min": 17.36564826965332,
            "max": 22.425043688880073,
            "count": 13
        },
        "BoxingAgent.Custom.WinRate%.sum": {
            "value": 729.3572273254395,
            "min": 454.96240997314453,
            "max": 1045.9523735046387,
            "count": 13
        },
        "BoxingAgent.Custom.DrawRate%.mean": {
            "value": 63.72843279157366,
            "min": 53.430335150824654,
            "max": 65.33063419048602,
            "count": 13
        },
        "BoxingAgent.Custom.DrawRate%.sum": {
            "value": 2676.5941772460938,
            "min": 1698.5964889526367,
            "max": 3073.075325012207,
            "count": 13
        },
        "BoxingAgent.Custom.HitRate%.mean": {
            "value": 0.1749576755932399,
            "min": 0.13708829424447483,
            "max": 0.2715974875858852,
            "count": 13
        },
        "BoxingAgent.Custom.HitRate%.sum": {
            "value": 7.348222374916077,
            "min": 4.390140108764172,
            "max": 11.407094478607178,
            "count": 13
        },
        "BoxingAgent.Custom.SuccessfulDefense%.mean": {
            "value": 4.47246189344497,
            "min": 4.47246189344497,
            "max": 5.33551021416982,
            "count": 13
        },
        "BoxingAgent.Custom.SuccessfulDefense%.sum": {
            "value": 187.84339952468872,
            "min": 119.94994640350342,
            "max": 262.6289367675781,
            "count": 13
        },
        "BoxingAgent.Custom.EpisodeHitRate%.mean": {
            "value": 1.4610116056033544,
            "min": 0.11947839458783467,
            "max": 1.4610116056033544,
            "count": 13
        },
        "BoxingAgent.Custom.EpisodeHitRate%.sum": {
            "value": 61.36248743534088,
            "min": 4.152186036109924,
            "max": 61.36248743534088,
            "count": 13
        },
        "BoxingAgent.Custom.EpisodeDefenseRate%.mean": {
            "value": 3.392642475309826,
            "min": 3.3695448361910305,
            "max": 5.587992459535599,
            "count": 13
        },
        "BoxingAgent.Custom.EpisodeDefenseRate%.sum": {
            "value": 142.4909839630127,
            "min": 87.6081657409668,
            "max": 268.22363805770874,
            "count": 13
        },
        "BoxingAgent.Custom.TotalDamageDealt.mean": {
            "value": 400.23809523809524,
            "min": 35.476190476190474,
            "max": 400.23809523809524,
            "count": 13
        },
        "BoxingAgent.Custom.TotalDamageDealt.sum": {
            "value": 16810.0,
            "min": 1490.0,
            "max": 16810.0,
            "count": 13
        },
        "BoxingAgent.Custom.TotalDamageTaken.mean": {
            "value": 414.76190476190476,
            "min": 30.952380952380953,
            "max": 414.76190476190476,
            "count": 13
        },
        "BoxingAgent.Custom.TotalDamageTaken.sum": {
            "value": 17420.0,
            "min": 1300.0,
            "max": 17420.0,
            "count": 13
        },
        "BoxingAgent.Custom.EpisodeLength.mean": {
            "value": 45.475146429879324,
            "min": 42.15328532457352,
            "max": 55.1377379099528,
            "count": 13
        },
        "BoxingAgent.Custom.EpisodeLength.sum": {
            "value": 1909.9561500549316,
            "min": 1402.707145690918,
            "max": 2545.1291513442993,
            "count": 13
        },
        "BoxingAgent.Custom.EpisodeAttacks.mean": {
            "value": 526.5238095238095,
            "min": 526.5238095238095,
            "max": 1047.2222222222222,
            "count": 13
        },
        "BoxingAgent.Custom.EpisodeAttacks.sum": {
            "value": 22114.0,
            "min": 17662.0,
            "max": 44944.0,
            "count": 13
        },
        "BoxingAgent.Custom.EpisodeHits.mean": {
            "value": 1.4285714285714286,
            "min": 0.7222222222222222,
            "max": 2.0416666666666665,
            "count": 13
        },
        "BoxingAgent.Custom.EpisodeHits.sum": {
            "value": 60.0,
            "min": 20.0,
            "max": 98.0,
            "count": 13
        },
        "BoxingAgent.Self-play.ELO.mean": {
            "value": 1171.5300320309634,
            "min": 1171.5300320309634,
            "max": 1198.1984677183507,
            "count": 13
        },
        "BoxingAgent.Self-play.ELO.sum": {
            "value": 11715.300320309634,
            "min": 8207.612225397992,
            "max": 14351.400735345069,
            "count": 13
        },
        "BoxingAgent.Step.mean": {
            "value": 64439.0,
            "min": 4549.0,
            "max": 64439.0,
            "count": 13
        },
        "BoxingAgent.Step.sum": {
            "value": 64439.0,
            "min": 4549.0,
            "max": 64439.0,
            "count": 13
        },
        "BoxingAgent.Policy.ExtrinsicValueEstimate.mean": {
            "value": -8.878728866577148,
            "min": -8.90925121307373,
            "max": -0.06943987309932709,
            "count": 13
        },
        "BoxingAgent.Policy.ExtrinsicValueEstimate.sum": {
            "value": -88.78728485107422,
            "min": -88.78728485107422,
            "max": -0.6943987011909485,
            "count": 13
        },
        "BoxingAgent.Environment.CumulativeReward.mean": {
            "value": -33.53241233825683,
            "min": -139.1819093492296,
            "max": -33.53241233825683,
            "count": 13
        },
        "BoxingAgent.Environment.CumulativeReward.sum": {
            "value": -335.32412338256836,
            "min": -1365.128210067749,
            "max": -335.32412338256836,
            "count": 13
        },
        "BoxingAgent.Policy.ExtrinsicReward.mean": {
            "value": -33.53241233825683,
            "min": -139.1819093492296,
            "max": -33.53241233825683,
            "count": 13
        },
        "BoxingAgent.Policy.ExtrinsicReward.sum": {
            "value": -335.32412338256836,
            "min": -1365.128210067749,
            "max": -335.32412338256836,
            "count": 13
        },
        "BoxingAgent.IsTraining.mean": {
            "value": 1.0,
            "min": 1.0,
            "max": 1.0,
            "count": 13
        },
        "BoxingAgent.IsTraining.sum": {
            "value": 1.0,
            "min": 1.0,
            "max": 1.0,
            "count": 13
        },
        "BoxingAgent.Losses.PolicyLoss.mean": {
            "value": 0.014945675432682038,
            "min": 0.010183351525726417,
            "max": 0.01697993342919896,
            "count": 6
        },
        "BoxingAgent.Losses.PolicyLoss.sum": {
            "value": 0.014945675432682038,
            "min": 0.010183351525726417,
            "max": 0.01697993342919896,
            "count": 6
        },
        "BoxingAgent.Losses.ValueLoss.mean": {
            "value": 22.97236785888672,
            "min": 10.491508356730144,
            "max": 36.36488253275554,