{
    "name": "root",
    "gauges": {
        "BoxingAgent.Policy.Entropy.mean": {
            "value": 3.3546345233917236,
            "min": 3.3546345233917236,
            "max": 3.364213228225708,
            "count": 6
        },
        "BoxingAgent.Policy.Entropy.sum": {
            "value": 31399.37890625,
            "min": 24222.3359375,
            "max": 48444.5390625,
            "count": 6
        },
        "BoxingAgent.Environment.EpisodeLength.mean": {
            "value": 459.6190476190476,
            "min": 453.45,
            "max": 599.0,
            "count": 6
        },
        "BoxingAgent.Environment.EpisodeLength.sum": {
            "value": 9652.0,
            "min": 7188.0,
            "max": 12979.0,
            "count": 6
        },
        "BoxingAgent.Custom.WinRate%.mean": {
            "value": 9.906204814002628,
            "min": 4.166666666666667,
            "max": 9.906204814002628,
            "count": 6
        },
        "BoxingAgent.Custom.WinRate%.sum": {
            "value": 416.06060218811035,
            "min": 133.3333282470703,
            "max": 416.06060218811035,
            "count": 6
        },
        "BoxingAgent.Custom.DrawRate%.mean": {
            "value": 77.31120645432244,
            "min": 77.31120645432244,
            "max": 89.58333333333333,
            "count": 6
        },
        "BoxingAgent.Custom.DrawRate%.sum": {
            "value": 3247.070671081543,
            "min": 2066.6666412353516,
            "max": 4300.0,
            "count": 6
        },
        "BoxingAgent.Custom.HitRate%.mean": {
            "value": 0.17493766182590098,
            "min": 0.11034807069774936,
            "max": 0.17493766182590098,
            "count": 6
        },
        "BoxingAgent.Custom.HitRate%.sum": {
            "value": 7.347381796687841,
            "min": 2.723626971244812,
            "max": 7.347381796687841,
            "count": 6
        },
        "BoxingAgent.Custom.SuccessfulDefense%.mean": {
            "value": 0.0,
            "min": 0.0,
            "max": 0.0,
            "count": 6
        },
        "BoxingAgent.Custom.SuccessfulDefense%.sum": {
            "value": 0.0,
            "min": 0.0,
            "max": 0.0,
            "count": 6
        },
        "BoxingAgent.Custom.EpisodeHitRate%.mean": {
            "value": 0.5690963048310507,
            "min": 0.03351865833004316,
            "max": 3.2332930179312824,
            "count": 6
        },
        "BoxingAgent.Custom.EpisodeHitRate%.sum": {
            "value": 23.90204480290413,
            "min": 0.8044477999210358,
            "max": 129.3317207172513,
            "count": 6
        },
        "BoxingAgent.Custom.EpisodeDefenseRate%.mean": {
            "value": 0.0,
            "min": 0.0,
            "max": 0.0,
            "count": 6
        },
        "BoxingAgent.Custom.EpisodeDefenseRate%.sum": {
            "value": 0.0,
            "min": 0.0,
            "max": 0.0,
            "count": 6
        },
        "BoxingAgent.Custom.TotalDamageDealt.mean": {
            "value": 389.04761904761904,
            "min": 52.083333333333336,
            "max": 389.04761904761904,
            "count": 6
        },
        "BoxingAgent.Custom.TotalDamageDealt.sum": {
            "value": 16340.0,
            "min": 1990.0,
            "max": 16340.0,
            "count": 6
        },
        "BoxingAgent.Custom.TotalDamageTaken.mean": {
            "value": 394.76190476190476,
            "min": 52.083333333333336,
            "max": 394.76190476190476,
            "count": 6
        },
        "BoxingAgent.Custom.TotalDamageTaken.sum": {
            "value": 16580.0,
            "min": 1870.0,
            "max": 16580.0,
            "count": 6
        },
        "BoxingAgent.Custom.EpisodeAttacks.mean": {
            "value": 1161.8095238095239,
            "min": 1161.8095238095239,
            "max": 1682.0833333333333,
            "count": 6
        },
        "BoxingAgent.Custom.EpisodeAttacks.sum": {
            "value": 48796.0,
            "min": 40370.0,
            "max": 72936.0,
            "count": 6
        },
        "BoxingAgent.Custom.EpisodeHits.mean": {
            "value": 4.380952380952381,
            "min": 0.5833333333333334,
            "max": 4.380952380952381,
            "count": 6
        },
        "BoxingAgent.Custom.EpisodeHits.sum": {
            "value": 184.0,
            "min": 14.0,
            "max": 184.0,
            "count": 6
        },
        "BoxingAgent.Self-play.ELO.mean": {
            "value": 1188.391031671068,
            "min": 1188.391031671068,
            "max": 1196.784049462662,
            "count": 6
        },
        "BoxingAgent.Self-play.ELO.sum": {
            "value": 13072.301348381749,
            "min": 7154.469638878112,
            "max": 14361.408593551945,
            "count": 6
        },
        "BoxingAgent.Step.mean": {
            "value": 29883.0,
            "min": 4864.0,
            "max": 29883.0,
            "count": 6
        },
        "BoxingAgent.Step.sum": {
            "value": 29883.0,
            "min": 4864.0,
            "max": 29883.0,
            "count": 6
        },
        "BoxingAgent.Policy.ExtrinsicValueEstimate.mean": {
            "value": -4.650205135345459,
            "min": -4.650205135345459,
            "max": -0.05553562939167023,
            "count": 6
        },
        "BoxingAgent.Policy.ExtrinsicValueEstimate.sum": {
            "value": -51.15225601196289,
            "min": -51.15225601196289,
            "max": -0.49982067942619324,
            "count": 6
        },
        "BoxingAgent.Environment.CumulativeReward.mean": {
            "value": -155.76483397050336,
            "min": -284.39402770996094,
            "max": -155.76483397050336,
            "count": 6
        },
        "BoxingAgent.Environment.CumulativeReward.sum": {
            "value": -1713.413173675537,
            "min": -2303.6272201538086,
            "max": -1713.413173675537,
            "count": 6
        },
        "BoxingAgent.Policy.ExtrinsicReward.mean": {
            "value": -155.76483397050336,
            "min": -284.39402770996094,
            "max": -155.76483397050336,
            "count": 6
        },
        "BoxingAgent.Policy.ExtrinsicReward.sum": {
            "value": -1713.413173675537,
            "min": -2303.6272201538086,
            "max": -1713.413173675537,
            "count": 6
        },
        "BoxingAgent.IsTraining.mean": {
            "value": 1.0,
            "min": 1.0,
            "max": 1.0,
            "count": 6
        },
        "BoxingAgent.IsTraining.sum": {
            "value": 1.0,
            "min": 1.0,
            "max": 1.0,
            "count": 6
        },
        "BoxingAgent.Losses.PolicyLoss.mean": {
            "value": 0.012045083769286672,
            "min": 0.012045083769286672,
            "max": 0.01638648077690353,
            "count": 2
        },
        "BoxingAgent.Losses.PolicyLoss.sum": {
            "value": 0.012045083769286672,
            "min": 0.012045083769286672,
            "max": 0.01638648077690353,
            "count": 2
        },
        "BoxingAgent.Losses.ValueLoss.mean": {
            "value": 63.044970703125,
            "min": 52.124560038248696,
            "max": 63.044970703125,
            "count": 2
        },
        "BoxingAgent.Losses.ValueLoss.sum": {
            "value": 63.044970703125,
            "min": 52.124560038248696,
            "max": 63.044970703125,
            "count": 2
        },
        "BoxingAgent.Policy.LearningRate.mean": {
            "value": 0.0002875836041387999,
            "min": 0.0002875836041387999,
            "max": 0.0002938416020528,
            "count": 2
        },
        "BoxingAgent.Policy.LearningRate.sum": {
            "value": 0.0002875836041387999,
            "min": 0.0002875836041387999,
            "max": 0.0002938416020528,
            "count": 2
        },